{
    "mse": 0.656827253114321,
    "rmse": 0.8104487973427569,
    "r2": 0.010880884734974505
}