{
    "mse": 0.6574169328954297,
    "rmse": 0.8108125140224648,
    "r2": 0.009992883299872024
}